{"cameraMode":{"drawMode":0,"name":"Shaded","section":"Shading Mode"},"sceneLighting":false,"audioPlay":false,"sceneViewState":{"showFog":true,"showMaterialUpdate":false,"showSkybox":true,"showFlares":true,"showImageEffects":true,"showParticleSystems":true},"in2DMode":false,"pivot":{"x":4.652407646179199,"y":1.4565742015838624,"z":4.948530673980713},"rotation":{"x":0.046455997973680499,"y":0.2733336091041565,"z":-0.0132140526548028,"w":0.9607059955596924},"size":11.962326049804688,"orthographic":false}