{"cameraMode":{"drawMode":0,"name":"Shaded","section":"Shading Mode"},"sceneLighting":false,"audioPlay":false,"sceneViewState":{"showFog":true,"showMaterialUpdate":false,"showSkybox":true,"showFlares":true,"showImageEffects":true,"showParticleSystems":true},"in2DMode":false,"pivot":{"x":0.37745559215545657,"y":-0.42401981353759768,"z":0.7420251369476318},"rotation":{"x":-0.3227526545524597,"y":-0.2451075166463852,"z":0.08692699670791626,"w":-0.9100531339645386},"size":4.698437690734863,"orthographic":false}