{"cameraMode":{"drawMode":0,"name":"Shaded","section":"Shading Mode"},"sceneLighting":false,"audioPlay":false,"sceneViewState":{"showFog":true,"showMaterialUpdate":false,"showSkybox":true,"showFlares":true,"showImageEffects":true,"showParticleSystems":true},"in2DMode":false,"pivot":{"x":-1.1053812503814698,"y":1.070579171180725,"z":-0.016277194023132325},"rotation":{"x":0.23445534706115724,"y":0.33266785740852358,"z":-0.08576278388500214,"w":0.9093995690345764},"size":4.950000286102295,"orthographic":false}